Company	Phones as published	Email	Directory profile
Move In Real Estate	Office:+97144327866;Mobile:+971563722020	info@moveindubai.com	move-in-real-estate/
Gold Mark Real Estate	Office:+97145584803;Mobile:+971564150007	info@goldmark.ae	gold-mark-real-estate/
My Island Real Estate	Office:+971043995471;Mobile:+971564425271	info@myislandrealestate.com	my-island-real-estate/
High Mark Real Estate Brokers	Office:+97142753699	info@highmarkuae.com	high-mark-real-estate-brokers/
Prosperity Real Estate Brokers	Office:+971509724848;Mobile:+971508723790	info@prosperitydubai.com	prosperity-real-estate-brokers/
Options Real Estate	Office:+97144385044	info@optionsrealestate.ae	options-real-estate/
Kore Real Estate	Office:+97146086566	info@koredubai.com	kore-real-estate/
Blue Water Real Estate	Office:+97144514747;Mobile:+971507455838	info@bluewaterdubai.com	blue-water-real-estate/
Star 5 Realty	Mobile:+971505106511	info@star5realty.ae	star-5-realty/
Live Dubai International	Office:+97144323920	info@livedubai.ae	live-dubai-international/
Sultan Real Estate	Office:+97142942828	info@sultanrealestate.ae	sultan-real-estate/
Esvee Real Estate Broker	Office:+971556355121;Mobile:+971552000349	admin@esveerealestate.com	esvee-real-estate-broker/
Richland Real Estate	Office:+97143218777	info@richlanddubai.com	richland-real-estate/
Fajar Realty	Mobile:+971569121145	info@fajarrealty.ae	fajar-realty/
Al Zarooni Real Estate	Office:+97142942121	info@alzaroonirealestate.com	al-zarooni-real-estate/
La Capitale Real Estate	Office:+97145667894;Mobile:+971508885327	info@LCDubai.com	la-capitale-real-estate/
Green Island Properties	Office:+97145275800	info@giproperties.ae	green-island-properties/
Ayana Properties	Office:+97143708140;Mobile:+971501465857	info@ayanaproperties.com	ayana-properties/
Bashayer Real Estate	Mobile:+971585887602	info@bashayerbrokerage.com	bashayer-real-estate/
Croc World Real Estates	Mobile:+971568054202	info@croc.world	croc-world-real-estates/
Residence Dubai Real Estate	Office:+97144365848	info@residencedubai.com	residence-dubai-real-estate/
Global99 Property Investment	Office:+97148762058;Mobile:+971521661399	dubai@global99.ae	global99-property-investment/
Barwa Real Estate	Office:+97143554000;Mobile:+971509271717	info@barwa-ae.com	barwa-real-estate/
Al Ghaith Real Estate	Office:+97143981777	contact@al-ghaith.ae	al-ghaith-real-estate/
Sanar Properties	Office:+97143792011	Info@sanarproperties.com	sanar-properties/
IMAC Properties	Office:+97145801895;Mobile:+971558214600	info@imacproperties.com	imac-properties/
Five Pillars Real Estate	Office:+97142411419;Mobile:+971552239437	sales@5pillars.ae	five-pillars-real-estate/
SAS Real Estate	Office:+97143986668	info@sasrealuae.com	sas-real-estate/
Majestic Homes Real Estate	Office:+97142506230;Mobile:+971582224284	info@majestichomes.ae	majestic-homes-real-estate/
Seeya Homes Real Estate Brokers	Mobile:+971504781622	info@seeyahomes.com	seeya-homes-real-estate-broker/
New Age Real Estate Broker LLC	Office:+97144327307	contact@newageuae.com	new-age-real-estate-broker-llc/
Virtus Homes	Office:+97142522326;Mobile:+971506607783	info@virtushomes.ae	virtus-homes/
Hassan Al Amir Real Estate LLC	Office:+97143477488	har@hagalamir.com	hassan-al-amir-real-estate-l-l-c/
Newport Homes	Mobile:+971585961024	contact@nph.ae	newport-homes/
Al Huraiz Real Estate LLC	Office:+97143525460	huraizop@eim.ae	al-huraiz-real-estate-llc/
Property Simplified	Office:+97145890963;Mobile:+971553760939	info@propertysimplified.ae	property-simplified/
Group Seven Properties	Office:+97143639777;Mobile:+971526667728	contact@group7properties.com	group-seven-properties/
Seven Century Real Estate	Office:+97144520077	info@sevencentury.com	seven-century-real-estate/
Flourish Real Estate	Office:+97142865544;Mobile:+971552784000	admin@flourishrealestates.com	flourish-real-estate/
Impressive Real Estate	Mobile:+971507465012	info@impressivecorp.com	impressive-real-estate/
Top Notch Real Estate	Office:+97143132400;Mobile:+971501449700	info@topnotchdubai.com	top-notch-real-estate/
Zooma Properties	Office:+97144206611	info@zooma.ae	zooma-properties/
Outlook Properties	Office:+97143958787;Mobile:+971585934956	Marketing@outlookproperties.ae	outlook-properties/
M&S Real Estate LLC	Office:+97144581678	info@msrealestaeuae.com	ms-real-estate/
Penthouse Properties LLC	Office:+97143695091;Mobile:+971554773746	adil@penthouseproperties.ae	penthouse-properties-llc/
Credence & Co Real Estate	Office:+97148790747;Mobile:+971589855344	info@cnco.ae	credence-co-real-estate/
Stree Group	Office:+97142680000;Mobile:+971588675094	realestate@stree.ae	stree-group/
Aras Group	Office:+97142877444;Mobile:+971544458801	info@aras-group.ae	aras-group/
The Property Real Estate	Office:+97143451996;Mobile:+971553980482	hello@theproperty.ae	the-property-real-estate/
Medait Star Real Estate	Office:+97144495600	info@medaitgroup.com	medait-star-real-estate/
Green Future Real Estate	Office:+97144270813	info@gfdubai.com	green-future-real-estate/
Radis Home	Office:+97145640339;Mobile:+971545652299	info@radis.net	radis-home/
Time Homes Real Estate	Office:+97142649938;Mobile:+971525911508	info@timehomesrealestate.com	time-homes-real-estate/
Magnate Real Estate Brokers LLC	Office:+97144238058;Mobile:+971559781836	info@magnate.ae	magnate-real-estate-brokers-llc/
Artha Realty LLC	Office:+97180027842;Mobile:+971585113200	enquiries@artharealty.com	artha-realty-llc/
Blocks Real Estate	Office:+97143469333;Mobile:+971543353004	info@blocksdxb.com	blocks-real-estate/
Property Avenue	Office:+97145549825;Mobile:+971551529539	info@property-avenue.com	property-avenue/
The Property Shop	Office:+97143455711;Mobile:+971506447255	propshop@emirates.net.ae	the-property-shop/
Source Properties	Office:+97144541041;Mobile:+971505526341	sales@source-property.net	source-property/
Off Plan Properties	Mobile:+971526700578	hello@off-planproperties.ae	off-plan-properties/
Property Zone Real Estate	Office:+97144312304	info@property-zone.ae	property-zone-real-estate/
Dubai Rent	Office:+97144396333	info@dubairent.com	dubai-rent/
House Hunters Real Estate Brokers LLC	Office:+97144522007	ops@househuntersdubai.com	house-hunters-real-estate-brokers-llc/
Land Sterling	Office:+97143808707	info@landsterling.com	land-sterling/
Tregoning Property	Mobile:+971553364111	harry@tregoning.property	tregoning-property/
Kensington International Real Estate	Office:+97144221054;Mobile:+9715525511980	dubai@kensington-international.com	kensington-international-real-estate/
Valor Real Estate	Office:+97147181421;Mobile:+971553003074	admin@valorealestate.com	valor-real-estate/
Zabadani Real Estate	Office:+97143887828;Mobile:+971504513900	info@zabadani.ae	zabadani-real-estate/
Roots Land Real Estate	Office:+97143298333	inq@rootsland.com	roots-land-real-estate/
Allegiance Real Estate	Office:+971564144147	marketing@allegiance.ae	allegiance-real-estate/
Ellington Properties	Office:+97142780888	info@ellingtongroup.com	ellington-properties/
Reliance Real Estate	Office:+97142825116;Mobile:+971554068904	info@reliancerealestate.ae	reliance-real-estate/
Top Class Real Estate	Office:+97143388745	info@tcre.ae	top-class-real-estate/
S Y Capital Estates L.L.C	Office:+97145799888	info@sycapital.ae	s-y-capital-estates-l-l-c/
3SA Estate	Mobile:+971547875946	info@3saestate.com	3sa-estate/
Highgate Real Estate	Office:+97148747167;Mobile:+971502836142	info@highgatedubai.com	highgate-real-estate/
Tag Properties	Office:+97145760989;Mobile:+971585885533	info@tagproperties.com	tag-properties/
Boulevard Views Real Estate	Office:+97142500552;Mobile:+971504762138	info@boulevardviews.com	boulevard-views-real-estate/
Capri Realty Real Estate Brokers	Office:+971507609387;Mobile:+971522349191	info@capriuae.com	capri-realty-real-estate-brokers/
Palma Holding	Office:+97144522202	info@palmaholding.com	palma-holding/
House 2 Home Real Estate	Office:+97142980201;Mobile:+971526999975	info@house2homeuae.com	house-2-home-real-estate/
Cogent Real Estate LLC	Office:+971551846104;Mobile:+971553580049	pooja@cogentre.net	cogent-real-estate-llc/
