Name	Phone	Role	Email	Profile
Imran Hussain	+971528879211	Founder & Director	imran@elanrealestate.ae	imran-hussain
Muhammad Ovais Khan	+971585029122	Founder & HR Director	ovais@elanrealestate.ae	ovais-rehmani
Fasih Uddin	+971554735755	Founder & Sales Director	fasih@elanrealestate.ae	fasih-uddin
Amal El Khassoumi	+971558279754	Property Consultant	amal@elanrealestate.ae	amal-el-khassoumi
Ali Wasiq Tirmizi	+971558759112	Property Consultant	wasiq@elanrealestate.ae	wasiq-tirmizi
Adnan Hussain	+971556250691	Property Consultant	adnan@elanrealestate.ae	adnan-hussain
Ahmed Hussain	+971503842808	Property Consultant	ahmed@elanrealestate.ae	ahmed-hussain
Burhan Hussain Haji	+971585962920	Off Plan & Investment Consultant	burhan@elanrealestate.ae	burhan-hussain-haji
Abdul Basith	+971562304490	Property Consultant	a.basith@elanrealestate.ae	abdul-basith
Fatima Ali Tirmizi	+971557622208	Property Consultant	fatima@elanrealestate.ae	fatima-ali-tirmizi
Zafar Iqbal	+971555903343	Property Consultant	zafar.iqbal@elanrealestate.ae	zafar-iqbal
Azeem Ahmed	+971526146668	Property Consultant	azeem@elanrealestate.ae	azeem-ahmed
Muhammad Mateen Salik	+971555007202	Property Consultant	mateensalik@elanrealestate.ae	muhammad-mateen-salik
Mohammad Mohsin	+971563326394	Senior Property Consultant	mohsin@elanrealestate.ae	mohammad-mohsin
Queenie Casipe	+971588003571	Property Consultant	queen@elanrealestate.ae	queenie-casipe
Anas Muhammad Khan	+971552540323	Off Plan & Investment Consultant	anas@elanrealestate.ae	anas-muhammad-khan
Faizan Hassan	+971552385588	Property Consultant	Faizan.hassan@elanrealestate.ae	faizan-hassan
Majid Ahmad	+971528844552	Property Consultant	majid.mbr@elanrealestate.ae	majid-ahmad
Shruti Nanda	+971564653016	Property Consultant	shruti.mbr@elanrealestate.ae	shruti-nanda
Azhar Ahmed	+971522569786	Property Consultant	azhar.mbr@elanrealestate.ae	azhar-ahmed
Abdullah Pervaiz	+971558957333	Property Consultant	abdullah.mbr@elanrealestate.ae	abdullah-pervaiz
