Name	Phone	Role	Profile
Lee Malcolm	+971556812414	Director of HR	lee-malcolm
Gil Van Gelder	+971505534345	Director of Residential Brokerage	gil-van-gelder
Matthew Montgomery	+971502415087	Sales Director	matthew-montgomery
Daniel Abraham	+971565557718	Associate Director	daniel-abraham
Artur Ahmedov	+971506576723	Luxury Director	artur-ahmedov
Alan Cuddihy	+971554978575	Operations Director	alan-cuddihy
Ryan Gargan	+971585392592	Silver Sales Broker	ryan-gargan
Alex Calamari	+971523667902	Platinum Off Plan Broker	alex-calamari
Adam Lewis	+971507351440	Platinum Sales Broker	adam-lewis
Adela Radulian	+971508999425	Associate Director	adela-radulian
Andre Stalevski	+971564021115	Platinum Sales Broker	andre-stalevski
Bharat Singh	+971505520687	Senior Client Manager	bharat-singh
Jacob Jackson	+971585383112	Senior Client Manager	jacob-jackson
Joel Raines	+971585264096	Silver Sales Broker	joel-raines
Hugo Searle	+971585732996	Client Manager	hugo-searle
Cypress McConnell	+971585408086	Silver Sales Broker	cypress-mcconnell
Kevin Lopes	+971507558862	Senior Client Manager	kevin-lopes
Farangis Bakhtierzoda	+971585059995	Senior Client Manager	farangis-bakhtierzoda
Ivan Swart	+971585725271	Silver Sales Broker	ivan-swart
Harry Ogilvie	+971503495985	Sales Manager	harry-ogilvie-
Joren Huijten	+971558466950	Associate Director	joren-huijten
Hossein Babaei	+971502447370	Gold Sales Broker	hossein-babaei
Julia Ferrari	+971585760625	Associate Director	julia-ferrari
Keisha Brass	+971585958842	Platinum Sales Broker	keisha-brass
Tayte Brown	+971585038904	Gold Sales Broker	tayte-brown
Mariya Cain	+971508783480	Associate Director	mariya-cain
Mark Coady	+971502794588	Gold Sales Broker	mark-coady
Matthew Macloughlin	+971503495985	Associate Director	matthew-macloughlin
Iulian Paunescu	+971509950364	Property Manager	iulian-paunescu
Mikhail Levinson	+971503868448	Silver Sales Broker	mikhail-levinson
Patrick Luft	+971501029047	Associate Director	patrick-luft
Peter van Gulick	+971585725271	Silver Sales Broker	peter-van-gulick
Rayan Dool	+971585051319	Platinum Agent	rayan-dool
Robbie McDonald	+971565977720	Associate Director	robbie-mcdonald
Ronald Abboud	+971508073307	Platinum Sales Broker	ronald-abboud
Sabir Karimli	+971503892091	Platinum Sales Broker	sabir-karimli
Samuel Cox	+971503943664	Silver Sales Broker	samuel-cox
Simon Beazley	+971522528880	Platinum Sales Broker	simon-beazley
Tarek Ghalayini	+971555523971	Platinum Sales Broker	tarek-ghalayini
Tom Rees	+971552347295	Associate Director	tom-rees
Vijesh Vattoli	+971503559079	Senior Client Manager	vijesh-vattoli
Thomas Anderson	+971585918250	Sales Manager	thomas-anderson
Vlad Radulian	+971508999426	Associate Director	vlad-radulian
Calum Miller	+971507721629	Silver Sales Broker	calum-miller
Charlie Clinch	+971585857791	Client Manager	charlie-clinch
Eva Larkin	+971551299307	Leasing and Property Management Manager	eva-larkin
Radovan Herich	+971544522662	Senior Client Manager	radovan-herich
Sara Faci	+971524663281	Senior Leasing Consultant	sara-faci
Charlie Olive	+971585684733	Gold Leasing Consultant	charlie-olive
Danyaal Ahmed	+971585309874	Senior Leasing Consultant	danyaal-ahmed
Mark Wortley	+971585684244	Senior Client Manager	mark-wortley
Sandra Damanskaite	+971529898140	Senior Client Manager	sandra-damanskaite
Sukhjit Rupra	+971507188736	Leasing Consultant	sukhjit-rupra
Dhia Tabbal	+971543456048	Client Manager	dhia-tabbal
Martin de la Fuente	+971585752466	Client Manager	martin-de-la-fuente
Enes Bashota	+971585928240	Senior Client Manager	enes-bashota
Anthony Jones	+971585851329	Senior Client Manager	anthony-jones
Leah Brightey	+971585902268	Client Manager	leah-brightey
Artem Golenkov	+971585771623	Leasing Consultant	artem-golenkov
Bradley Bennett	+971585248699	Client Manager	bradley-bennett
Felice Molinario	+971521637703	Client Manager	felice-molinario
Finn Musgrove	+971585196922	Silver Leasing Consultant	finn-musgrove
James Winter	+971585569558	Leasing Consultant	james-winter
Richard Agyemang	+971585886142	Senior Client Manager	richard-agyemang
Morgan Curtin	+971585534994	Head of Commercial	morgan-curtin
Alex Penny	+971585230295	Gold Commercial Broker	alex-penny
Cameron Millar	+971585314467	Gold Commercial Broker	cameron-millar
Reece McDonald	+971585629230	Client Manager	reece-mcdonald
Katherine Taboada	+971585797396	Client Manager	katherine-taboada
Giada Cattaneo	+971523131501	Client Manager	giada-cattaneo
Jonathan Abraha	+971586098161	Leasing Consultant	jonathan-abraha
Kian Kerr	+971585847611	Leasing Consultant	kian-kerr
Dylan Smith	+971585818059	Client Manager	dylan-smith
Margaret Yep	+971506242018	Client Manager	margaret-yep
Harvyn Rana	+971585660529	Commercial Client Manager	harvyn-rana
Fergus Stafford	+971585750920	Commercial Client Manager	fergus-stafford
Rumbi Kunzekweguta	+971529815758	Leasing Consultant	rumbi-kunzekweguta
Alastair Armstrong	+971558211055	Platinum Sales Broker	alastair-armstrong
Nader Diab	+971565611665	Gold Commercial Broker	nader-diab
James North	+971585471680	Gold Commercial Broker	james-north
Ruben De Boer	+971585279053	Gold Leasing Agent	ruben-de-boer
Saima Miah	+971585720614	Client Manager	saima-miah
Cian Quinlan	+971509498012	Commercial Client Manager	cian-quinlan
Harry McCracken	+971585630376	Leasing Consultant	harry-mccracken
Jack Cavanagh	+971585372297	Gold Commercial Broker	jack-cavanagh
Alan Murphy	+971585075866	Commercial Client Manager	alan-murphy
