Name	Phone	Role	Agency	Email
James Walsh	+971505583904	Dubai Marina Branch Manager	Exclusive Links	
Rebecca Roffe	+971507268262	Dubailand Branch Manager	Exclusive Links	
James Gosling	+971504511249	Off Plan Manager	Exclusive Links	
Monika Lukasz	+971504264872	Associate Director	Exclusive Links	
Michael Haith	+971505574009	Associate Director	Exclusive Links	
Lisa Mackenzie	+971564847538	Senior Property Advisor	Exclusive Links	
Nick Black	+971504515267	Senior Property Advisor	Exclusive Links	
Annalize Diedericks	+971504508713	Senior Property Advisor	Exclusive Links	
Raisa Bajerean	+971503687976	Senior Property Advisor	Exclusive Links	
Clementina Kongslund	+971556791349	Senior Property Advisor	Exclusive Links	
Fathi Khalaf	+971554562981	Senior Property Advisor	Exclusive Links	
Elena Kiria	+971507510799	Senior Property Advisor	Exclusive Links	
Bridget Higgins	+971501599476	Senior Property Advisor	Exclusive Links	
Victoria Beridze	+971544329289	Senior Property Advisor	Exclusive Links	
Gvantsa Gagloshvili	+971563940985	Senior Property Advisor	Exclusive Links	
Waseem Awan	+971564607080	Property Advisor	Exclusive Links	
Anna Carrera Moyne	+971507086384	Property Advisor	Exclusive Links	
Osama Waheed Fareed	+971503907395	Property Advisor	Exclusive Links	
Arno Potgieter	+971561159043	Property Advisor	Exclusive Links	
Liaqat Ali	+971523551217	Property Advisor	Exclusive Links	
Livia Plevova	+971505516037	Property Advisor	Exclusive Links	
Andy Bush	+971503846882	Property Advisor	Exclusive Links	
Mirjam Rakem	+971545133550	Property Advisor	Exclusive Links	
Joe McBride	+971557092072	Investment Advisor	Exclusive Links	
Ehab Baher	+971508729200	Property Advisor	Exclusive Links	
James Casserley	+971523847708	Property Advisor	Exclusive Links	
Victoria Dewar	+971585561813	Property Advisor	Exclusive Links	
Anas Zaghdoud	+971563848489	Investment Advisor	Exclusive Links	
Lyndsay Foster	+971527441224	Property Advisor	Exclusive Links	
Candida Miranda	+971504501394	Property Advisor	Exclusive Links	
Evelin Novikova	+971559473697	Property Advisor	Exclusive Links	
Carmen Davis	+971521742947	Property Advisor	Exclusive Links	
Georgia Fleming	+971585908115	Property Advisor	Exclusive Links	
Mohamed Moustafa	+971562602025	Property Advisor	Exclusive Links	
Mubash Shaikh	+971545786671	Property Advisor	Exclusive Links	
Albert Michael	+971504746250	Property Advisor	Exclusive Links	
Sandra El Hussein	+971556222379	Property Advisor	Exclusive Links	
Suzie Sholkami	+971505520850	Property Advisor	Exclusive Links	
Karen Alvarez Black	+971568604629	Property Advisor	Exclusive Links	
Joby Fitzgerald	+971543999757	Property Advisor	Exclusive Links	
Florentina Clutton	+971543777262	Property Advisor	Exclusive Links	
Alison Brussow	+971503484421	Property Advisor	Exclusive Links	
Kathryn Taylor	+971526489518	Investment Advisor	Exclusive Links	
Andrew Fraser Tweedie	+971569711853	Property Advisor	Exclusive Links	
Sara Hall	+971543919495	Property Advisor	Exclusive Links	
Ralph Fares	+971582216570	Investment Advisor	Exclusive Links	
Polina Traboulsi	+971504513959	Property Advisor	Exclusive Links	
Maram Fouad	+971501599464	Property Advisor	Exclusive Links	
Thais Garcia Vilhena	+971505574008	Property Advisor	Exclusive Links	
Sahar El-Tahan	+971557333162	Property Advisor	Exclusive Links	
Mohamed Yessaad	+971507928688	Property Advisor	Exclusive Links	
Swati Agarwal	+971504262930	Property Advisor	Exclusive Links	
Kerry Helbert	+971588407285	Investment Advisor	Exclusive Links	
Rinie Boshoff	+971502049121	Sales and rentals consultant	Pam Golding Properties Dubai	
Warren Christie	+971509301884	Sales and rentals consultant	Pam Golding Properties Dubai	
Linda Williams	+971528674545	Sales and rentals consultant	Pam Golding Properties Dubai	
Nadeem Agherdien	+971544779925	Sales and rentals consultant	Pam Golding Properties Dubai	
Robert Peacock	+971561266330	Sales and rentals consultant	Pam Golding Properties Dubai	
Thabo Mothoa	+971585224757	Sales and rentals consultant	Pam Golding Properties Dubai	
Muhammad Saifullah	+971527978963	FOUNDER & MANAGING DIRECTOR	Easy Nest Properties	saifullah@easynestproperties.com
Muhammad Tariq	+971509724923	FOUNDER & MANAGING DIRECTOR	Easy Nest Properties	tariq@easynestproperties.com
Muhammad Salman Butt	+971529516910	PROPERTY CONSULTANT	Easy Nest Properties	
Mirza Hassan	+971562737507	PROPERTY CONSULTANT	Easy Nest Properties	hassan@easynestproperties.com
Malik Arfat	+971543714662	PROPERTY CONSULTANT	Easy Nest Properties	arfat@easynestproperties.com
Wali Faisal	+971585974725	PROPERTY CONSULTANT	Easy Nest Properties	faisal@easynestproperties.com
Prabhleen Sanghera	+971582430919	PROPERTY CONSULTANT	Easy Nest Properties	prabhleen@easynestproperties.com
Saumya	+971568673131	PROPERTY CONSULTANT	Easy Nest Properties	saumya@easynestproperties.com
Mr. Nazir Ahmed	+971559943066	PROPERTY CONSULTANT	Easy Nest Properties	nazir@easynestproperties.com
Salman Mushtaq	+971509036399	PROPERTY CONSULTANT	Easy Nest Properties	salmanmushtaq@easynestproperties.com
Muhammad Azeem	+971522093730	PROPERTY CONSULTANT	Easy Nest Properties	azeem@easynestproperties.com
Mr. Yabes Sintan	+971552287126	PROPERTY CONSULTANT	Easy Nest Properties	yabes@easynestproperties.com
Haseeb Shaikh	+971501979664	PROPERTY CONSULTANT	Easy Nest Properties	haseeb@easynestproperties.com
Madha Pramod	+971506787124	PROPERTY CONSULTANT	Easy Nest Properties	pramod@easynestproperties.com
Mr. Michael	+971551975310	PROPERTY CONSULTANT	Easy Nest Properties	michael@easynestproperties.com
Ms. Meerab Rahim	+971553138626	PROPERTY CONSULTANT	Easy Nest Properties	meerab@easynestproperties.com
Mr. Abdul Rahim	+971501846528	PROPERTY CONSULTANT	Easy Nest Properties	rahim@easynestproperties.com
