Name	Phone	Role	Agency	Email	Source	Number type
Aaqib Ahmed	+971561921275	Senior Sales Consultant	Arabian Estates		https://arabianestates.ae/our-team/aaqib-ahmed	Direct business mobile
Danial Mokhtari	+971585566633	Chief Executive Officer	Arabian Estates		https://arabianestates.ae/our-team/danial-mokhtari	Direct business mobile
Ben Greenwood	+971585780900	Sales Director	Arabian Estates		https://arabianestates.ae/our-team/ben-greenwood	Direct business mobile
Vikram Biant	+971506964079	Sales Director	Arabian Estates		https://arabianestates.ae/our-team	Individual WhatsApp mobile
Nathan Blake	+971585906929	Area Manager - Emirates Living	Arabian Estates		https://arabianestates.ae/our-team	Individual WhatsApp mobile
Alexander James Scriven	+971504364249	Senior Sales Consultant	Arabian Estates		https://arabianestates.ae/our-team	Individual WhatsApp mobile
Alexander Stanton	+971585025802	Senior Sales Consultant	Arabian Estates		https://arabianestates.ae/our-team	Individual WhatsApp mobile
Casey Gaggini	+971501119715	Senior Sales Consultant	Arabian Estates		https://arabianestates.ae/our-team	Individual WhatsApp mobile
Christian Curran	+971585488016	Senior Sales Consultant	Arabian Estates		https://arabianestates.ae/our-team	Individual WhatsApp mobile
David Marsh	+971585045886	Senior Sales Consultant	Arabian Estates		https://arabianestates.ae/our-team	Individual WhatsApp mobile
Douglas Kisuule	+971585419877	Senior Sales Consultant	Arabian Estates		https://arabianestates.ae/our-team	Individual WhatsApp mobile
Driss Elmania	+971585460601	Senior Sales Consultant	Arabian Estates		https://arabianestates.ae/our-team	Individual WhatsApp mobile
Emma Jean Laycock	+971585118300	Sales Consultant	Arabian Estates		https://arabianestates.ae/our-team	Individual WhatsApp mobile
Hamza Malki	+971567759995	Senior Sales Consultant	Arabian Estates		https://arabianestates.ae/our-team	Individual WhatsApp mobile
Harry Warren	+971582836910	Senior Sales Consultant	Arabian Estates		https://arabianestates.ae/our-team	Individual WhatsApp mobile
Jack Evans	+971506057553	Senior Sales Consultant	Arabian Estates		https://arabianestates.ae/our-team	Individual WhatsApp mobile
Joshua Brooks	+971585779495	Senior Sales Consultant	Arabian Estates		https://arabianestates.ae/our-team	Individual WhatsApp mobile
Rachel Stephens	+971544473078	Senior Sales Consultant	Arabian Estates		https://arabianestates.ae/our-team	Individual WhatsApp mobile
Roheet Chopra	+971585912828	Senior Sales Consultant	Arabian Estates		https://arabianestates.ae/our-team	Individual WhatsApp mobile
Tarek Tory	+971585525329	Senior Sales Consultant	Arabian Estates		https://arabianestates.ae/our-team	Individual WhatsApp mobile
Thomas Breeds	+971585925170	Senior Sales Consultant	Arabian Estates		https://arabianestates.ae/our-team	Individual WhatsApp mobile
Tom Hastings	+971585603501	Senior Sales Consultant	Arabian Estates		https://arabianestates.ae/our-team	Individual WhatsApp mobile
Saad Al Hossain	+971551441548	Senior Sales Consultant	Arabian Estates		https://arabianestates.ae/our-team	Individual WhatsApp mobile
Amin Labioui	+971585929751	Sales Consultant	Arabian Estates		https://arabianestates.ae/our-team	Individual WhatsApp mobile
Callum Wallace	+971585624692	Sales Consultant	Arabian Estates		https://arabianestates.ae/our-team	Individual WhatsApp mobile
Charlie Harris	+971505654784	Sales Consultant	Arabian Estates		https://arabianestates.ae/our-team	Individual WhatsApp mobile
Clive Marsh	+971585546224	Sales Consultant	Arabian Estates		https://arabianestates.ae/our-team	Individual WhatsApp mobile
Elamir Adnan	+971555496760	Sales Consultant	Arabian Estates		https://arabianestates.ae/our-team	Individual WhatsApp mobile
Elina Zosimenko	+971585963723	Sales Consultant	Arabian Estates		https://arabianestates.ae/our-team	Individual WhatsApp mobile
George Lupson	+971585809577	Sales Consultant	Arabian Estates		https://arabianestates.ae/our-team	Individual WhatsApp mobile
Georgia Hargreaves	+971585138949	Sales Consultant	Arabian Estates		https://arabianestates.ae/our-team	Individual WhatsApp mobile
Grace Karuga	+971525688007	Sales Consultant	Arabian Estates		https://arabianestates.ae/our-team	Individual WhatsApp mobile
Hamza Chqiriba	+971521261134	Sales Consultant	Arabian Estates		https://arabianestates.ae/our-team	Individual WhatsApp mobile
Imad Najib	+971509789404	Sales Consultant	Arabian Estates		https://arabianestates.ae/our-team	Individual WhatsApp mobile
Jack Milne	+971585861248	Sales Consultant	Arabian Estates		https://arabianestates.ae/our-team	Individual WhatsApp mobile
Magomed Kartoev	+971509500723	Sales Consultant	Arabian Estates		https://arabianestates.ae/our-team	Individual WhatsApp mobile
Marcus Taylor	+971585754117	Sales Consultant	Arabian Estates		https://arabianestates.ae/our-team	Individual WhatsApp mobile
Rowan Beale	+971508616982	Sales Consultant	Arabian Estates		https://arabianestates.ae/our-team	Individual WhatsApp mobile
Sebastian Tyynela	+971585979219	Sales Consultant	Arabian Estates		https://arabianestates.ae/our-team	Individual WhatsApp mobile
Seth Baidoo	+971528703249	Sales Consultant	Arabian Estates		https://arabianestates.ae/our-team	Individual WhatsApp mobile
Shohrukh Bahromzoda	+971589871133	Sales Consultant	Arabian Estates		https://arabianestates.ae/our-team	Individual WhatsApp mobile
Simone Adlington	+971585468393	Sales Consultant	Arabian Estates		https://arabianestates.ae/our-team	Individual WhatsApp mobile
Tetiana Syvak	+971585775989	Sales Consultant	Arabian Estates		https://arabianestates.ae/our-team	Individual WhatsApp mobile
Worsha Adnan	+971557988423	Sales Consultant	Arabian Estates		https://arabianestates.ae/our-team	Individual WhatsApp mobile
Abdelwaheb Bekhadda	+971589191008	Off-plan Specialist	Arabian Estates		https://arabianestates.ae/our-team	Individual WhatsApp mobile
Alba Kuloglija	+971585693838	Off-plan Specialist	Arabian Estates		https://arabianestates.ae/our-team	Individual WhatsApp mobile
Jason Tucker	+971588965813	Off-plan Specialist	Arabian Estates		https://arabianestates.ae/our-team	Individual WhatsApp mobile
Joe Chiffi	+971585743916	Off-plan Specialist	Arabian Estates		https://arabianestates.ae/our-team	Individual WhatsApp mobile
Kevin Livingstone	+971567896837	Off-plan Specialist	Arabian Estates		https://arabianestates.ae/our-team	Individual WhatsApp mobile
Nils Brunsch	+971585585904	Off-plan Specialist	Arabian Estates		https://arabianestates.ae/our-team	Individual WhatsApp mobile
Jade Catherine Apollos	+971558445591	Leasing Manager	Arabian Estates		https://arabianestates.ae/our-team	Individual WhatsApp mobile
Aakanksha Chhoda	+971585311332	Leasing Consultant	Arabian Estates		https://arabianestates.ae/our-team	Individual WhatsApp mobile
Faizal Mulla	+971582513585	Leasing Consultant	Arabian Estates		https://arabianestates.ae/our-team	Individual WhatsApp mobile
Jennifer Burt	+971585383458	Leasing Consultant	Arabian Estates		https://arabianestates.ae/our-team	Individual WhatsApp mobile
Mahmoud Abou Ammo Fadi	+971585005130	Sales Consultant	Arabian Estates		https://arabianestates.ae/our-team	Individual WhatsApp mobile
Muneeb Quraishi	+971568947864	Leasing Consultant	Arabian Estates		https://arabianestates.ae/our-team	Individual WhatsApp mobile
Paloma Iriondo	+34611752884	Leasing Consultant	Arabian Estates		https://arabianestates.ae/our-team	Individual WhatsApp mobile
Rolla Sayah	+971588234885	Leasing Consultant	Arabian Estates		https://arabianestates.ae/our-team	Individual WhatsApp mobile
Sarkar Mohammed Sadik	+971588993391	Leasing Consultant	Arabian Estates		https://arabianestates.ae/our-team	Individual WhatsApp mobile
Siham Al Roosan	+971567795018	Leasing Consultant	Arabian Estates		https://arabianestates.ae/our-team	Individual WhatsApp mobile
Tatsiana Prysmakova	+971505250913	Leasing Consultant	Arabian Estates		https://arabianestates.ae/our-team	Individual WhatsApp mobile
Zara Jonckheere	+971552754103	Leasing Consultant	Arabian Estates		https://arabianestates.ae/our-team	Individual WhatsApp mobile
Dean Martin David	+971525786225	Associate Broker	Fantastic Frank Dubai		https://www.fantasticfrank.com/en/dubai/	Direct business mobile
Marcus Abildgaard Sardar	+971529169766	Property Consultant	Fantastic Frank Dubai	marcus@fantasticfrank.com	https://www.fantasticfrank.com/en/dubai/	Direct business mobile
Victor Skovgaard Have	+971528903858	Property Consultant	Fantastic Frank Dubai	victor@fantasticfrank.com	https://www.fantasticfrank.com/en/dubai/	Direct business mobile
Abdullah Hashmi	+971551749139	Property Consultant & Portfolio Advisor	Fantastic Frank Dubai		https://www.fantasticfrank.com/en/dubai/	Direct business mobile
Lola Akhmedova	+971589476181	Associate Broker	Fantastic Frank Dubai		https://www.fantasticfrank.com/en/dubai/	Direct business mobile
Diana Khouri	+971547388689	Property Consultant	Fantastic Frank Dubai		https://www.fantasticfrank.com/en/dubai/	Direct business mobile
Shokhrukh Rakhimov	+971585385577	Associate Broker	Fantastic Frank Dubai		https://www.fantasticfrank.com/en/dubai/	Direct business mobile
