Name	Profile URL	Status
Karim Abueicha	https://www.propertyfinder.ae/en/agent/karim-abueicha-262969	Call dialog did not load
Baraa A K AbuShakra	https://www.propertyfinder.ae/en/agent/baraa-a-k-abushakra-377505	Contact reveal unavailable
Boussaina Moussa	https://www.propertyfinder.ae/en/agent/boussaina-moussa-279147	Contact reveal unavailable
Adriana Lee	https://www.propertyfinder.ae/en/agent/adriana-lee-220167	Contact reveal unavailable
Jake Jones	https://www.propertyfinder.ae/en/agent/jake-jones-192521	Contact reveal unavailable
Bardia Eshghi	https://www.propertyfinder.ae/en/agent/bardia-eshghi-184121	Contact reveal unavailable
Momin Mehmood	https://www.propertyfinder.ae/en/agent/momin-mehmood-243518	Contact reveal unavailable
Akash Gambhir	https://www.propertyfinder.ae/en/agent/akash-gambhir-212382	Contact reveal unavailable
Ashley Roman	https://www.propertyfinder.ae/en/agent/ashley-roman-315704	Contact reveal unavailable
Amro Basheer Muwafi	https://www.propertyfinder.ae/en/agent/amro-basheer-muwafi-166009	Contact reveal unavailable
Mohamad Ifthihan Mohamad Ishak	https://www.propertyfinder.ae/en/agent/mohamad-ifthihan-mohamad-ishak-214945	Contact reveal unavailable
Hira Sohail	https://www.propertyfinder.ae/en/agent/hira-sohail-148937	Contact reveal unavailable
Hitender Mohanpuria	https://www.propertyfinder.ae/en/agent/hitender-mohanpuria-247225	Contact reveal unavailable
Ramziya Otaeva	https://www.propertyfinder.ae/en/agent/ramziya-otaeva-273642	Contact reveal unavailable
Nitish Khosla	https://www.propertyfinder.ae/en/agent/nitish-khosla-197369	Contact reveal unavailable
